INSERT INTO building (address, area, email, name, phone_number)
VALUES ('123 Main St, Springfield', 2500, 'building_a@example.com', 'Building A', '555-123-4567');
INSERT INTO person (address, birthday, email, gender, identification, name, phone)
VALUES ('123 Main St, City A', '1990-01-01', 'person1@example.com', 1, 'ID001', 'Alice Nguyen', '0901000001'),
       ('456 Elm St, City B', '1985-02-20', 'person2@example.com', 0, 'ID002', 'Bob Tran', '0901000002'),
       ('789 Oak St, City C', '1992-05-15', 'person3@example.com', 1, 'ID003', 'Charlie Le', '0901000003'),
       ('101 Pine St, City D', '1990-08-10', 'person4@example.com', 0, 'ID004', 'David Pham', '0901000004'),
       ('202 Maple St, City E', '1988-12-25', 'person5@example.com', 1, 'ID005', 'Eve Hoang', '0901000005'),
       ('303 Birch St, City F', '1993-03-30', 'person6@example.com', 0, 'ID006', 'Frank Nguyen', '0901000006'),
       ('404 Cedar St, City G', '1987-06-18', 'person7@example.com', 1, 'ID007', 'Grace Dao', '0901000007'),
       ('505 Willow St, City H', '1991-11-22', 'person8@example.com', 0, 'ID008', 'Hank Vũ', '0901000008'),
       ('606 Redwood St, City I', '1984-09-10', 'person9@example.com', 1, 'ID009', 'Ivy Phan', '0901000009'),
       ('707 Cedar St, City J', '1996-04-03', 'person10@example.com', 0, 'ID010', 'Jack Cao', '0901000010'),
       ('808 Birch St, City K', '1992-03-05', 'person11@example.com', 1, 'ID012', 'Kathy Trần', '0901000011'),
       ('909 Oak St, City L', '1986-07-12', 'person12@example.com', 0, 'ID013', 'Liam Ngo', '0901000012'),
       ('123 Pine St, City M', '1989-04-30', 'person13@example.com', 1, 'ID014', 'Mia Bùi', '0901000013'),
       ('234 Cedar St, City N', '1991-11-18', 'person14@example.com', 0, 'ID015', 'Nathan Hồ', '0901000014'),
       ('345 Maple St, City O', '1985-01-25', 'person15@example.com', 1, 'ID016', 'Olivia Pham', '0901000015'),
       ('456 Redwood St, City P', '1990-06-03', 'person16@example.com', 0, 'ID017', 'Peter Lê', '0901000016'),
       ('567 Willow St, City Q', '1983-10-08', 'person17@example.com', 1, 'ID018', 'Quyen Nguyen', '0901000017'),
       ('678 Cedar St, City R', '1994-02-20', 'person18@example.com', 0, 'ID019', 'Rachel Trần', '0901000018'),
       ('789 Birch St, City S', '1992-05-15', 'person19@example.com', 1, 'ID020', 'Samuel Vũ', '0901000019'),
       ('901 Pine St, City U', '1990-08-18', 'person20@example.com', 0, 'ID021', 'Ursula Kim', '0901000020');
INSERT INTO customer (company, id)
VALUES ('Company A', 11),
       ('Company B', 12),
       ('Company C', 13),
       ('Company D', 14),
       ('Company E', 15),
       ('Company F', 16),
       ('Company G', 17),
       ('Company H', 18),
       ('Company I', 19),
       ('Company J', 20);
INSERT INTO floor (area, capacity, floor_code, name, type_of_floor, building_id)
VALUES (75.5, 2, 'F101', 'Room A101', 'Standard', 1),
       (45.0, 1, 'F202', 'Room B202', 'Standard', 1),
       (120.75, 3, 'F303', 'Room C303', 'Premium', 1),
       (60.25, 2, 'F404', 'Room D404', 'Standard', 1),
       (85.0, 2, 'F505', 'Room E505', 'Deluxe', 1),
       (95.0, 3, 'F606', 'Room F606', 'Premium', 1),
       (70.5, 2, 'F707', 'Room G707', 'Standard', 1),
       (110.0, 3, 'F808', 'Room H808', 'Deluxe', 1),
       (50.75, 1, 'F909', 'Room I909', 'Standard', 1),
       (65.25, 2, 'F1010', 'Room J1010', 'Standard', 1);
INSERT INTO ground (area, ground_category, ground_code, price, floor_id)
VALUES (75.5, 'Commercial', 'Unit A101-A', 40000.0, 1),
       (75.5, 'Residential', 'Unit A101-B', 42000.0, 1),
       (45.0, 'Office', 'Unit B202-A', 28000.0, 2),
       (45.0, 'Commercial', 'Unit B202-B', 30000.0, 2),
       (120.75, 'Residential', 'Unit C303-A', 60000.0, 3),
       (120.75, 'Commercial', 'Unit C303-B', 65000.0, 3),
       (60.25, 'Office', 'Unit D404-A', 32000.0, 4),
       (60.25, 'Residential', 'Unit D404-B', 35000.0, 4),
       (85.0, 'Commercial', 'Unit E505-A', 45000.0, 5),
       (85.0, 'Office', 'Unit E505-B', 47000.0, 5),
       (95.0, 'Commercial', 'Unit F606-A', 48000.0, 6),
       (95.0, 'Residential', 'Unit F606-B', 49000.0, 6),
       (70.5, 'Office', 'Unit G707-A', 33000.0, 7),
       (70.5, 'Commercial', 'Unit G707-B', 34000.0, 7),
       (110.0, 'Residential', 'Unit H808-A', 57000.0, 8),
       (110.0, 'Commercial', 'Unit H808-B', 59000.0, 8),
       (50.75, 'Office', 'Unit I909-A', 26000.0, 9),
       (50.75, 'Residential', 'Unit I909-B', 27000.0, 9),
       (65.25, 'Commercial', 'Unit J1010-A', 36000.0, 10),
       (65.25, 'Office', 'Unit J1010-B', 37500.0, 10);
INSERT INTO staff (code_staff, position, salary, start_date, id)
VALUES ('STF001', 'Manager', 5000.00, '2020-01-01', 1),
       ('STF002', 'Developer', 4000.00, '2021-03-15', 2),
       ('STF003', 'Designer', 3500.00, '2022-07-20', 3),
       ('STF004', 'HR Specialist', 4500.00, '2021-05-25', 4),
       ('STF005', 'Marketing Manager', 5500.00, '2020-09-10', 5),
       ('STF006', 'Sales Associate', 3000.00, '2023-02-12', 6),
       ('STF007', 'Product Manager', 6000.00, '2020-12-05', 7),
       ('STF008', 'Customer Support', 3200.00, '2022-03-08', 8),
       ('STF009', 'IT Specialist', 4200.00, '2021-11-19', 9),
       ('STF010', 'Admin Assistant', 2800.00, '2024-04-14', 10);
INSERT INTO contract (deposit, description, end_date, start_date, tax_code, term, total_price, customer_id, ground_id,
                      staff_id, code)
VALUES (5000.0, '1-year lease for Unit A101-A', '2025-06-15', '2024-06-15', 'TAX123456', 12, 40000.0, 11, 1, 1,
        'CODE001'),
       (6000.0, '6-month lease for Unit A101-B', '2024-12-15', '2024-06-15', 'TAX234567', 6, 21000.0, 12, 2, 2,
        'CODE002'),
       (7000.0, '1-year lease for Unit B202-A', '2025-06-15', '2024-06-15', 'TAX345678', 12, 28000.0, 13, 3, 3,
        'CODE003'),
       (8000.0, '6-month lease for Unit B202-B', '2024-12-15', '2024-06-15', 'TAX456789', 6, 15000.0, 14, 4, 4,
        'CODE004'),
       (9000.0, '1-year lease for Unit C303-A', '2025-06-15', '2024-06-15', 'TAX567890', 12, 60000.0, 15, 5, 5,
        'CODE005'),
       (5500.0, '6-month lease for Unit C303-B', '2024-12-15', '2024-06-15', 'TAX678901', 6, 32500.0, 16, 6, 6,
        'CODE006'),
       (6000.0, '1-year lease for Unit D404-A', '2025-06-15', '2024-06-15', 'TAX789012', 12, 32000.0, 17, 7, 7,
        'CODE007'),
       (6500.0, '6-month lease for Unit D404-B', '2024-12-15', '2024-06-15', 'TAX890123', 6, 17500.0, 18, 8, 8,
        'CODE008'),
       (7000.0, '1-year lease for Unit E505-A', '2025-06-15', '2024-06-15', 'TAX901234', 12, 45000.0, 19, 9, 9,
        'CODE009'),
       (7500.0, '6-month lease for Unit E505-B', '2024-12-15', '2024-06-15', 'TAX012345', 6, 23500.0, 20, 10, 10,
        'CODE010');
INSERT INTO facilities_type (name)
VALUES ('Gym'),
       ('Swimming Pool'),
       ('Parking'),
       ('Lounge'),
       ('Conference Room');
INSERT INTO services (name, price, unit)
VALUES ('Cleaning', 150, 'per month'),
       ('Electricity', 0.2, 'per kWh'),
       ('Water Supply', 50, 'per month'),
       ('Internet', 30, 'per month'),
       ('Security', 100, 'per month');
INSERT INTO ground_services (consumption, start_date, ground_id, services_id)
VALUES (10.5, '2024-11-01', 1, 1),
       (20.0, '2024-11-02', 2, 2),
       (15.7, '2024-11-03', 3, 3),
       (25.3, '2024-11-04', 4, 4),
       (30.8, '2024-11-05', 5, 5);
INSERT INTO room_facilities (description, quantity, facilities_type_id, ground_id, damaged, name)
VALUES ('Standard gym equipment', 10, 1, 1, 0, 'Standard Gym'),
       ('25-meter pool', 1, 2, 2, 0, '25m Pool'),
       ('Indoor parking for 20 cars', 20, 3, 3, 0, 'Indoor Parking'),
       ('Lobby lounge seating', 15, 4, 4, 0, 'Lobby Lounge'),
       ('50-person conference room', 1, 5, 5, 0, 'Conference Room');
INSERT INTO user (password, username, staff_id)
VALUES ("$2a$12$3dmAbR8186UUyu9xe5DhPOWs350v5XKKnDtwXl34ItXJths2qMXaO", "person1@example.com", 1),
       ("$2a$12$3dmAbR8186UUyu9xe5DhPOWs350v5XKKnDtwXl34ItXJths2qMXaO", "person2@example.com", 2),
       ("$2a$12$3dmAbR8186UUyu9xe5DhPOWs350v5XKKnDtwXl34ItXJths2qMXaO", "person3@example.com", 3),
       ("$2a$12$3dmAbR8186UUyu9xe5DhPOWs350v5XKKnDtwXl34ItXJths2qMXaO", "person4@example.com", 4),
       ("$2a$12$3dmAbR8186UUyu9xe5DhPOWs350v5XKKnDtwXl34ItXJths2qMXaO", "person5@example.com", 5),
       ("$2a$12$3dmAbR8186UUyu9xe5DhPOWs350v5XKKnDtwXl34ItXJths2qMXaO", "person6@example.com", 6),
       ("$2a$12$3dmAbR8186UUyu9xe5DhPOWs350v5XKKnDtwXl34ItXJths2qMXaO", "person7@example.com", 7),
       ("$2a$12$3dmAbR8186UUyu9xe5DhPOWs350v5XKKnDtwXl34ItXJths2qMXaO", "person8@example.com", 8),
       ("$2a$12$3dmAbR8186UUyu9xe5DhPOWs350v5XKKnDtwXl34ItXJths2qMXaO", "person9@example.com", 9),
       ("$2a$12$3dmAbR8186UUyu9xe5DhPOWs350v5XKKnDtwXl34ItXJths2qMXaO", "person10@example.com", 10);
INSERT INTO role (name, user_id)
VALUES ("ADMIN", 1),
       ("STAFF", 2),
       ("STAFF", 3),
       ("STAFF", 4),
       ("STAFF", 5),
       ("STAFF", 6),
       ("STAFF", 7),
       ("STAFF", 8),
       ("STAFF", 9),
       ("STAFF", 10);